year,min,median,max
2015,84.56,76146.82,44655461.51
2016,385.55,109597.29000000001,52288697.89
2017,515.01,122915.75,61034457.1
2018,2064.9,157175.09000000003,62505646.52
